{
  "2016": {
    "November": 4,
    "December": 2
  },
  "2017": {
    "January": 25,
    "February": 17,
    "March": 3,
    "April": 11,
    "May": 11,
    "June": 12,
    "July": 8,
    "August": 14,
    "September": 12,
    "October": 20,
    "November": 10,
    "December": 24
  },
  "2018": {
    "January": 5,
    "February": 0,
    "March": 0,
    "April": 0,
    "May": 3,
    "June": 1,
    "July": 7,
    "August": 4,
    "September": 4,
    "October": 4,
    "November": 1,
    "December": 5
  },
  "2019": {
    "January": 8,
    "February": 4,
    "March": 3,
    "April": 7,
    "May": 4,
    "June": 2,
    "July": 1,
    "August": 1,
    "September": 2,
    "October": 2,
    "November": 2,
    "December": 0
  },
  "2020": {
    "January": 0,
    "February": 1,
    "March": 0,
    "April": 4,
    "May": 1,
    "June": 1,
    "July": 2,
    "August": 2,
    "September": 0,
    "October": 1,
    "November": 2,
    "December": 0
  },
  "2021": {
    "January": 0,
    "February": 3,
    "March": 4,
    "April": 1,
    "May": 1,
    "June": 2,
    "July": 0,
    "August": 0,
    "September": 3,
    "October": 2,
    "November": 0,
    "December": 10
  },
  "2022": {
    "January": 0,
    "February": 2,
    "March": 2,
    "April": 3,
    "May": 0,
    "June": 9,
    "July": 1,
    "August": 1,
    "September": 7,
    "October": 1,
    "November": 5,
    "December": 4
  },
  "2023": {
    "January": 2,
    "February": 2,
    "March": 1,
    "April": 1,
    "May": 0,
    "June": 3,
    "July": 2,
    "August": 0,
    "September": 1,
    "October": 0,
    "November": 4,
    "December": 6
  },
  "2024": {
    "January": 2,
    "February": 1,
    "March": 1,
    "April": 0,
    "May": 0,
    "June": 5,
    "July": 1,
    "August": 3,
    "September": 0,
    "October": 0,
    "November": 0,
    "December": 12
  },
  "2025": {
    "January": 14,
    "February": 0,
    "March": 1,
    "April": 1
  }
}