{
  "2016": {
    "November": 0,
    "December": 0
  },
  "2017": {
    "January": 11,
    "February": 9,
    "March": 16,
    "April": 16,
    "May": 18,
    "June": 15,
    "July": 24,
    "August": 19,
    "September": 24,
    "October": 28,
    "November": 25,
    "December": 29
  },
  "2018": {
    "January": 22,
    "February": 10,
    "March": 0,
    "April": 9,
    "May": 18,
    "June": 15,
    "July": 21,
    "August": 21,
    "September": 18,
    "October": 22,
    "November": 21,
    "December": 19
  },
  "2019": {
    "January": 21,
    "February": 15,
    "March": 17,
    "April": 18,
    "May": 15,
    "June": 23,
    "July": 20,
    "August": 20,
    "September": 21,
    "October": 22,
    "November": 22,
    "December": 27
  },
  "2020": {
    "January": 29,
    "February": 26,
    "March": 30,
    "April": 30,
    "May": 31,
    "June": 30,
    "July": 30,
    "August": 28,
    "September": 28,
    "October": 31,
    "November": 30,
    "December": 31
  },
  "2021": {
    "January": 30,
    "February": 28,
    "March": 30,
    "April": 31,
    "May": 29,
    "June": 28,
    "July": 28,
    "August": 23,
    "September": 27,
    "October": 27,
    "November": 29,
    "December": 28
  },
  "2022": {
    "January": 26,
    "February": 24,
    "March": 29,
    "April": 29,
    "May": 29,
    "June": 25,
    "July": 22,
    "August": 23,
    "September": 28,
    "October": 29,
    "November": 29,
    "December": 28
  },
  "2023": {
    "January": 30,
    "February": 24,
    "March": 20,
    "April": 27,
    "May": 26,
    "June": 29,
    "July": 26,
    "August": 28,
    "September": 26,
    "October": 27,
    "November": 25,
    "December": 25
  },
  "2024": {
    "January": 22,
    "February": 26,
    "March": 29,
    "April": 26,
    "May": 28,
    "June": 24,
    "July": 30,
    "August": 28,
    "September": 25,
    "October": 24,
    "November": 28,
    "December": 31
  },
  "2025": {
    "January": 30,
    "February": 28,
    "March": 26,
    "April": 20
  }
}