{
  "2016": {
    "November": 13,
    "December": 14
  },
  "2017": {
    "January": 26,
    "February": 19,
    "March": 20,
    "April": 17,
    "May": 19,
    "June": 20,
    "July": 18,
    "August": 16,
    "September": 20,
    "October": 15,
    "November": 17,
    "December": 18
  },
  "2018": {
    "January": 22,
    "February": 10,
    "March": 0,
    "April": 10,
    "May": 17,
    "June": 11,
    "July": 18,
    "August": 23,
    "September": 23,
    "October": 24,
    "November": 23,
    "December": 27
  },
  "2019": {
    "January": 18,
    "February": 14,
    "March": 13,
    "April": 17,
    "May": 12,
    "June": 19,
    "July": 21,
    "August": 15,
    "September": 15,
    "October": 16,
    "November": 16,
    "December": 10
  },
  "2020": {
    "January": 15,
    "February": 13,
    "March": 16,
    "April": 20,
    "May": 21,
    "June": 21,
    "July": 11,
    "August": 18,
    "September": 3,
    "October": 18,
    "November": 16,
    "December": 20
  },
  "2021": {
    "January": 18,
    "February": 19,
    "March": 15,
    "April": 8,
    "May": 7,
    "June": 8,
    "July": 14,
    "August": 13,
    "September": 15,
    "October": 14,
    "November": 11,
    "December": 18
  },
  "2022": {
    "January": 20,
    "February": 18,
    "March": 18,
    "April": 16,
    "May": 15,
    "June": 22,
    "July": 15,
    "August": 13,
    "September": 19,
    "October": 19,
    "November": 22,
    "December": 19
  },
  "2023": {
    "January": 19,
    "February": 15,
    "March": 9,
    "April": 12,
    "May": 6,
    "June": 6,
    "July": 7,
    "August": 8,
    "September": 16,
    "October": 18,
    "November": 17,
    "December": 3
  },
  "2024": {
    "January": 7,
    "February": 13,
    "March": 17,
    "April": 10,
    "May": 10,
    "June": 8,
    "July": 15,
    "August": 7,
    "September": 18,
    "October": 7,
    "November": 24,
    "December": 31
  },
  "2025": {
    "January": 6,
    "February": 3,
    "March": 12,
    "April": 11
  }
}