{
  "2016": {
    "November": 0,
    "December": 0
  },
  "2017": {
    "January": 0,
    "February": 0,
    "March": 0,
    "April": 0,
    "May": 0,
    "June": 0,
    "July": 0,
    "August": 0,
    "September": 0,
    "October": 0,
    "November": 0,
    "December": 0
  },
  "2018": {
    "January": 0,
    "February": 0,
    "March": 0,
    "April": 0,
    "May": 0,
    "June": 0,
    "July": 0,
    "August": 0,
    "September": 0,
    "October": 0,
    "November": 0,
    "December": 0
  },
  "2019": {
    "January": 0,
    "February": 0,
    "March": 0,
    "April": 0,
    "May": 0,
    "June": 0,
    "July": 0,
    "August": 6,
    "September": 56,
    "October": 138,
    "November": 142,
    "December": 149
  },
  "2020": {
    "January": 139,
    "February": 118,
    "March": 11,
    "April": 109,
    "May": 116,
    "June": 116,
    "July": 119,
    "August": 68,
    "September": 94,
    "October": 117,
    "November": 129,
    "December": 126
  },
  "2021": {
    "January": 127,
    "February": 134,
    "March": 80,
    "April": 0,
    "May": 0,
    "June": 0,
    "July": 0,
    "August": 0,
    "September": 5,
    "October": 0,
    "November": 0,
    "December": 12
  },
  "2022": {
    "January": 65,
    "February": 78,
    "March": 70,
    "April": 84,
    "May": 81,
    "June": 96,
    "July": 88,
    "August": 93,
    "September": 79,
    "October": 0,
    "November": 0,
    "December": 5
  },
  "2023": {
    "January": 0,
    "February": 0,
    "March": 0,
    "April": 20,
    "May": 17,
    "June": 86,
    "July": 165,
    "August": 136,
    "September": 99,
    "October": 99,
    "November": 93,
    "December": 58
  },
  "2024": {
    "January": 117,
    "February": 71,
    "March": 91,
    "April": 87,
    "May": 108,
    "June": 89,
    "July": 91,
    "August": 127,
    "September": 119,
    "October": 128,
    "November": 0,
    "December": 0
  },
  "2025": {
    "January": 140,
    "February": 35,
    "March": 79,
    "April": 95
  }
}