{
  "2016": {
    "November": 5,
    "December": 1
  },
  "2017": {
    "January": 4,
    "February": 7,
    "March": 4,
    "April": 5,
    "May": 7,
    "June": 11,
    "July": 8,
    "August": 6,
    "September": 15,
    "October": 9,
    "November": 7,
    "December": 9
  },
  "2018": {
    "January": 5,
    "February": 1,
    "March": 0,
    "April": 1,
    "May": 5,
    "June": 7,
    "July": 9,
    "August": 4,
    "September": 0,
    "October": 1,
    "November": 1,
    "December": 3
  },
  "2019": {
    "January": 5,
    "February": 3,
    "March": 3,
    "April": 7,
    "May": 7,
    "June": 7,
    "July": 2,
    "August": 11,
    "September": 4,
    "October": 6,
    "November": 11,
    "December": 10
  },
  "2020": {
    "January": 4,
    "February": 8,
    "March": 0,
    "April": 2,
    "May": 1,
    "June": 5,
    "July": 4,
    "August": 10,
    "September": 8,
    "October": 3,
    "November": 5,
    "December": 1
  },
  "2021": {
    "January": 3,
    "February": 7,
    "March": 7,
    "April": 5,
    "May": 4,
    "June": 5,
    "July": 8,
    "August": 8,
    "September": 6,
    "October": 9,
    "November": 4,
    "December": 7
  },
  "2022": {
    "January": 2,
    "February": 6,
    "March": 10,
    "April": 10,
    "May": 14,
    "June": 5,
    "July": 7,
    "August": 10,
    "September": 10,
    "October": 8,
    "November": 9,
    "December": 11
  },
  "2023": {
    "January": 10,
    "February": 4,
    "March": 9,
    "April": 4,
    "May": 5,
    "June": 7,
    "July": 11,
    "August": 20,
    "September": 9,
    "October": 6,
    "November": 8,
    "December": 3
  },
  "2024": {
    "January": 3,
    "February": 8,
    "March": 11,
    "April": 7,
    "May": 6,
    "June": 12,
    "July": 8,
    "August": 6,
    "September": 3,
    "October": 4,
    "November": 1,
    "December": 11
  },
  "2025": {
    "January": 1,
    "February": 1,
    "March": 6,
    "April": 10
  }
}