{
  "2016": {
    "November": 0,
    "December": 0
  },
  "2017": {
    "January": 0,
    "February": 0,
    "March": 0,
    "April": 0,
    "May": 0,
    "June": 0,
    "July": 0,
    "August": 0,
    "September": 0,
    "October": 0,
    "November": 0,
    "December": 0
  },
  "2018": {
    "January": 0,
    "February": 0,
    "March": 0,
    "April": 0,
    "May": 0,
    "June": 0,
    "July": 0,
    "August": 0,
    "September": 0,
    "October": 0,
    "November": 0,
    "December": 0
  },
  "2019": {
    "January": 0,
    "February": 0,
    "March": 0,
    "April": 0,
    "May": 0,
    "June": 0,
    "July": 0,
    "August": 0,
    "September": 0,
    "October": 0,
    "November": 0,
    "December": 0
  },
  "2020": {
    "January": 0,
    "February": 0,
    "March": 0,
    "April": 0,
    "May": 0,
    "June": 0,
    "July": 0,
    "August": 0,
    "September": 0,
    "October": 0,
    "November": 0,
    "December": 0
  },
  "2021": {
    "January": 0,
    "February": 0,
    "March": 0,
    "April": 0,
    "May": 0,
    "June": 0,
    "July": 0,
    "August": 0,
    "September": 0,
    "October": 0,
    "November": 0,
    "December": 0
  },
  "2022": {
    "January": 0,
    "February": 0,
    "March": 0,
    "April": 0,
    "May": 0,
    "June": 0,
    "July": 0,
    "August": 0,
    "September": 0,
    "October": 0,
    "November": 0,
    "December": 0
  },
  "2023": {
    "January": 0,
    "February": 0,
    "March": 0,
    "April": 0,
    "May": 0,
    "June": 0,
    "July": 0,
    "August": 0,
    "September": 0,
    "October": 0,
    "November": 0,
    "December": 0
  },
  "2024": {
    "January": 0,
    "February": 0,
    "March": 0,
    "April": 0,
    "May": 0,
    "June": 0,
    "July": 0,
    "August": 0,
    "September": 21,
    "October": 18,
    "November": 16,
    "December": 31
  },
  "2025": {
    "January": 24,
    "February": 28,
    "March": 28,
    "April": 21
  }
}