{
  "2016": {
    "November": 0,
    "December": 0
  },
  "2017": {
    "January": 0,
    "February": 0,
    "March": 0,
    "April": 0,
    "May": 0,
    "June": 0,
    "July": 0,
    "August": 0,
    "September": 0,
    "October": 0,
    "November": 0,
    "December": 0
  },
  "2018": {
    "January": 0,
    "February": 0,
    "March": 0,
    "April": 0,
    "May": 0,
    "June": 0,
    "July": 0,
    "August": 0,
    "September": 0,
    "October": 0,
    "November": 0,
    "December": 0
  },
  "2019": {
    "January": 0,
    "February": 0,
    "March": 0,
    "April": 0,
    "May": 0,
    "June": 0,
    "July": 0,
    "August": 0,
    "September": 0,
    "October": 0,
    "November": 0,
    "December": 0
  },
  "2020": {
    "January": 0,
    "February": 0,
    "March": 0,
    "April": 0,
    "May": 0,
    "June": 0,
    "July": 0,
    "August": 0,
    "September": 0,
    "October": 0,
    "November": 0,
    "December": 0
  },
  "2021": {
    "January": 0,
    "February": 0,
    "March": 0,
    "April": 0,
    "May": 0,
    "June": 0,
    "July": 0,
    "August": 0,
    "September": 0,
    "October": 0,
    "November": 0,
    "December": 0
  },
  "2022": {
    "January": 0,
    "February": 0,
    "March": 0,
    "April": 0,
    "May": 0,
    "June": 0,
    "July": 0,
    "August": 0,
    "September": 1,
    "October": 28,
    "November": 18,
    "December": 22
  },
  "2023": {
    "January": 14,
    "February": 14,
    "March": 15,
    "April": 20,
    "May": 18,
    "June": 24,
    "July": 24,
    "August": 9,
    "September": 16,
    "October": 14,
    "November": 11,
    "December": 7
  },
  "2024": {
    "January": 22,
    "February": 11,
    "March": 16,
    "April": 18,
    "May": 21,
    "June": 17,
    "July": 18,
    "August": 13,
    "September": 10,
    "October": 11,
    "November": 14,
    "December": 19
  },
  "2025": {
    "January": 3,
    "February": 11,
    "March": 28,
    "April": 26
  }
}