{
  "2018": {
    "August": 60,
    "September": 284,
    "October": 310,
    "November": 41,
    "December": 266,
    "January": 0,
    "February": 0,
    "March": 0,
    "April": 0,
    "May": 0,
    "June": 0,
    "July": 0
  },
  "2019": {
    "January": 238,
    "February": 120,
    "March": 98,
    "April": 157,
    "May": 168,
    "June": 189,
    "July": 349,
    "August": 205,
    "September": 99,
    "October": 208,
    "November": 219,
    "December": 282
  },
  "2020": {
    "January": 492,
    "February": 534,
    "March": 235,
    "April": 334,
    "May": 404,
    "June": 77,
    "July": 293,
    "August": 206,
    "September": 241,
    "October": 95,
    "November": 265,
    "December": 235
  },
  "2021": {
    "January": 476,
    "February": 329,
    "March": 274,
    "April": 191,
    "May": 34,
    "June": 110,
    "July": 109,
    "August": 64,
    "September": 104,
    "October": 52,
    "November": 59,
    "December": 30
  },
  "2022": {
    "January": 60,
    "February": 57,
    "March": 15,
    "April": 7,
    "May": 150,
    "June": 124,
    "July": 41,
    "August": 38,
    "September": 27,
    "October": 77,
    "November": 41,
    "December": 14
  },
  "2023": {
    "January": 83,
    "February": 2,
    "March": 4,
    "April": 31,
    "May": 80,
    "June": 116,
    "July": 42,
    "August": 30,
    "September": 47,
    "October": 64,
    "November": 29,
    "December": 2
  },
  "2024": {
    "January": 46,
    "February": 8,
    "March": 35,
    "April": 140,
    "May": 121,
    "June": 75,
    "July": 95,
    "August": 55,
    "September": 40,
    "October": 106,
    "November": 0,
    "December": 0
  },
  "2025": {
    "January": 130,
    "February": 138,
    "March": 88,
    "April": 58,
    "May": 0,
    "June": 0,
    "July": 0,
    "August": 0,
    "September": 0,
    "October": 0,
    "November": 0,
    "December": 0
  }
}