{
  "2016": {
    "November": 7,
    "December": 10
  },
  "2017": {
    "January": 22,
    "February": 19,
    "March": 24,
    "April": 21,
    "May": 22,
    "June": 13,
    "July": 15,
    "August": 20,
    "September": 20,
    "October": 22,
    "November": 13,
    "December": 13
  },
  "2018": {
    "January": 16,
    "February": 5,
    "March": 0,
    "April": 6,
    "May": 24,
    "June": 22,
    "July": 20,
    "August": 19,
    "September": 17,
    "October": 22,
    "November": 17,
    "December": 17
  },
  "2019": {
    "January": 17,
    "February": 17,
    "March": 17,
    "April": 19,
    "May": 19,
    "June": 15,
    "July": 19,
    "August": 20,
    "September": 14,
    "October": 16,
    "November": 19,
    "December": 19
  },
  "2020": {
    "January": 17,
    "February": 14,
    "March": 14,
    "April": 19,
    "May": 18,
    "June": 16,
    "July": 16,
    "August": 19,
    "September": 19,
    "October": 24,
    "November": 17,
    "December": 15
  },
  "2021": {
    "January": 18,
    "February": 15,
    "March": 23,
    "April": 19,
    "May": 14,
    "June": 23,
    "July": 18,
    "August": 17,
    "September": 14,
    "October": 14,
    "November": 17,
    "December": 14
  },
  "2022": {
    "January": 20,
    "February": 13,
    "March": 19,
    "April": 26,
    "May": 22,
    "June": 19,
    "July": 18,
    "August": 14,
    "September": 19,
    "October": 13,
    "November": 8,
    "December": 16
  },
  "2023": {
    "January": 14,
    "February": 13,
    "March": 14,
    "April": 17,
    "May": 3,
    "June": 14,
    "July": 24,
    "August": 17,
    "September": 18,
    "October": 12,
    "November": 13,
    "December": 7
  },
  "2024": {
    "January": 5,
    "February": 13,
    "March": 22,
    "April": 13,
    "May": 18,
    "June": 16,
    "July": 15,
    "August": 12,
    "September": 12,
    "October": 8,
    "November": 2,
    "December": 10
  },
  "2025": {
    "January": 3,
    "February": 2,
    "March": 10,
    "April": 16
  }
}