{
  "2016": {
    "November": 3,
    "December": 0
  },
  "2017": {
    "January": 19,
    "February": 20,
    "March": 11,
    "April": 14,
    "May": 28,
    "June": 9,
    "July": 2,
    "August": 18,
    "September": 20,
    "October": 25,
    "November": 26,
    "December": 10
  },
  "2018": {
    "January": 10,
    "February": 6,
    "March": 0,
    "April": 9,
    "May": 30,
    "June": 19,
    "July": 1,
    "August": 20,
    "September": 27,
    "October": 28,
    "November": 29,
    "December": 30
  },
  "2019": {
    "January": 32,
    "February": 26,
    "March": 29,
    "April": 30,
    "May": 31,
    "June": 28,
    "July": 30,
    "August": 28,
    "September": 25,
    "October": 29,
    "November": 24,
    "December": 31
  },
  "2020": {
    "January": 31,
    "February": 25,
    "March": 4,
    "April": 29,
    "May": 30,
    "June": 27,
    "July": 29,
    "August": 17,
    "September": 22,
    "October": 31,
    "November": 27,
    "December": 30
  },
  "2021": {
    "January": 28,
    "February": 28,
    "March": 19,
    "April": 1,
    "May": 0,
    "June": 2,
    "July": 0,
    "August": 4,
    "September": 0,
    "October": 2,
    "November": 1,
    "December": 6
  },
  "2022": {
    "January": 31,
    "February": 26,
    "March": 29,
    "April": 28,
    "May": 29,
    "June": 30,
    "July": 29,
    "August": 30,
    "September": 22,
    "October": 1,
    "November": 1,
    "December": 4
  },
  "2023": {
    "January": 2,
    "February": 5,
    "March": 0,
    "April": 14,
    "May": 31,
    "June": 30,
    "July": 31,
    "August": 30,
    "September": 30,
    "October": 30,
    "November": 24,
    "December": 12
  },
  "2024": {
    "January": 24,
    "February": 18,
    "March": 25,
    "April": 30,
    "May": 31,
    "June": 24,
    "July": 25,
    "August": 28,
    "September": 28,
    "October": 31,
    "November": 9,
    "December": 1
  },
  "2025": {
    "January": 31,
    "February": 7,
    "March": 26,
    "April": 24
  }
}