{
  "2016": {
    "November": 0,
    "December": 0
  },
  "2017": {
    "January": 0,
    "February": 0,
    "March": 0,
    "April": 0,
    "May": 0,
    "June": 0,
    "July": 0,
    "August": 0,
    "September": 11,
    "October": 28,
    "November": 25,
    "December": 29
  },
  "2018": {
    "January": 20,
    "February": 11,
    "March": 0,
    "April": 9,
    "May": 18,
    "June": 14,
    "July": 20,
    "August": 21,
    "September": 20,
    "October": 21,
    "November": 20,
    "December": 21
  },
  "2019": {
    "January": 21,
    "February": 16,
    "March": 19,
    "April": 17,
    "May": 15,
    "June": 21,
    "July": 20,
    "August": 20,
    "September": 19,
    "October": 19,
    "November": 22,
    "December": 25
  },
  "2020": {
    "January": 23,
    "February": 18,
    "March": 16,
    "April": 18,
    "May": 17,
    "June": 23,
    "July": 15,
    "August": 21,
    "September": 18,
    "October": 14,
    "November": 19,
    "December": 17
  },
  "2021": {
    "January": 18,
    "February": 17,
    "March": 21,
    "April": 14,
    "May": 12,
    "June": 15,
    "July": 15,
    "August": 11,
    "September": 17,
    "October": 12,
    "November": 13,
    "December": 14
  },
  "2022": {
    "January": 13,
    "February": 14,
    "March": 19,
    "April": 16,
    "May": 14,
    "June": 19,
    "July": 15,
    "August": 14,
    "September": 17,
    "October": 20,
    "November": 14,
    "December": 15
  },
  "2023": {
    "January": 17,
    "February": 11,
    "March": 8,
    "April": 18,
    "May": 4,
    "June": 7,
    "July": 11,
    "August": 14,
    "September": 15,
    "October": 16,
    "November": 17,
    "December": 16
  },
  "2024": {
    "January": 7,
    "February": 13,
    "March": 18,
    "April": 10,
    "May": 8,
    "June": 8,
    "July": 23,
    "August": 15,
    "September": 12,
    "October": 6,
    "November": 4,
    "December": 19
  },
  "2025": {
    "January": 23,
    "February": 26,
    "March": 9,
    "April": 13
  }
}