{
  "2016": {
    "November": 0,
    "December": 0
  },
  "2017": {
    "January": 0,
    "February": 0,
    "March": 0,
    "April": 0,
    "May": 0,
    "June": 0,
    "July": 0,
    "August": 0,
    "September": 0,
    "October": 0,
    "November": 0,
    "December": 0
  },
  "2018": {
    "January": 0,
    "February": 0,
    "March": 0,
    "April": 0,
    "May": 0,
    "June": 0,
    "July": 0,
    "August": 0,
    "September": 0,
    "October": 0,
    "November": 52,
    "December": 239
  },
  "2019": {
    "January": 278,
    "February": 232,
    "March": 173,
    "April": 185,
    "May": 241,
    "June": 162,
    "July": 45,
    "August": 249,
    "September": 195,
    "October": 159,
    "November": 263,
    "December": 259
  },
  "2020": {
    "January": 273,
    "February": 254,
    "March": 194,
    "April": 250,
    "May": 271,
    "June": 262,
    "July": 278,
    "August": 257,
    "September": 245,
    "October": 270,
    "November": 285,
    "December": 287
  },
  "2021": {
    "January": 293,
    "February": 271,
    "March": 263,
    "April": 214,
    "May": 206,
    "June": 213,
    "July": 222,
    "August": 208,
    "September": 167,
    "October": 163,
    "November": 161,
    "December": 144
  },
  "2022": {
    "January": 183,
    "February": 179,
    "March": 217,
    "April": 209,
    "May": 224,
    "June": 232,
    "July": 250,
    "August": 278,
    "September": 262,
    "October": 253,
    "November": 279,
    "December": 286
  },
  "2023": {
    "January": 276,
    "February": 213,
    "March": 279,
    "April": 249,
    "May": 162,
    "June": 203,
    "July": 229,
    "August": 228,
    "September": 183,
    "October": 181,
    "November": 167,
    "December": 174
  },
  "2024": {
    "January": 187,
    "February": 148,
    "March": 177,
    "April": 141,
    "May": 170,
    "June": 143,
    "July": 135,
    "August": 147,
    "September": 145,
    "October": 145,
    "November": 0,
    "December": 0
  },
  "2025": {
    "January": 140,
    "February": 142,
    "March": 135,
    "April": 135
  }
}